doi,output,status
100/10.1063/1.1566097,"| Material | Value | Unit |
|----------|-------|------|
| GaAs | 1.5 eV | eV |
| (Ga,Mn)As | None | None |",1
101/10.1063/1.3176939,"| Material | Value | Unit |
|----------|-------|------|
| MgO | 3.2 eV | |
| IrMn(10) | 1.4 eV | |
| CoFeB(3) | 2.2 eV | |
| Ru(0.95) | 2.6 eV",1
102/10.1063/1.3225396,"| Material | Value | Unit |
|----------|-------|------|
| LiAl | 3.00 | eV |
| LiAl | 103 | meV |",1
103/10.1063/1.3431755,"| Material | Value | Unit |
|----------|-------|------|
| Gluconic Acid (GA) | 4.84 eV |
| Gluconic Acid (GA) | 6.73 eV |
| Magnesium Sulfate (MgSO4·H2O(100)) | 4",1
104/10.1063/1.4704370,"| Material | Value | Unit |
|----------|-------|------|
| SiF2 | 0.10 | eV |
| He | 27.23 | eV |
| Li | 4.22 | eV |
| Be | 9.66 | eV |
| B | 7.99 |",1
105/10.1063/1.4811690,"| Material | Value | Unit |
|----------|-------|------|
| GaAs | 1.5 eV | eV |
| Fe | None | None |
| Au | None | None |",1
106/10.1063/1.4868131,"| Material | Value | Unit |
|----------|-------|------|
| GaN | 3.4 eV | eV |
| InGaN | 3.2 eV | eV |
| InP | 1.85 eV | eV |
| GaAs | 1.52 eV | eV |
",1
107/10.1063/1.4880238,"| Material | Value | Unit |
|----------|-------|------|
| Water | 130-140 K | eV |
| Water (nanoconﬁned) | 160-180 K | eV |",1
108/10.1063/1.4891200,"| Material | Value | Unit |
|----------|-------|------|
| Graphene | None | None |
| Pt foil | None | None |
| SiO2/Si substrate | None | None |
| Poly methylmethacrylate transfer layer | None | None |",1
109/10.1063/1.4896171,"| Material | Value | Unit |
|----------|-------|------|
| Er2BaNiO5 | None | None |
| Dy2BaNiO5 | None | None |
| Ca3Co2O6 | None | None |

Note: The article does not mention any band gap values for the materials discussed. Therefore, the table",1
10/10.1038/nmat3329,"| Material | Value | Unit |
|----------|-------|------|
| LiZn2Mo3O8 | 0.12 | eV |
| Zn2Mo3O8 | None | None |",1
110/10.1063/1.4918549,"| Material | Value | Unit |
|----------|-------|------|
| Ge (bulk) | 0.67 eV | eV |
| Ge (PECVD) | 0.82 eV | eV |
| Ge (sputter) | 0.73 eV | eV |

Note: The band",1
111/10.1063/1.4967315,"| Material | Value | Unit |
|----------|-------|------|
| ZnSe | 200 | cm-1 |
| BeSe | 40 | cm-1 |
| Zn1-xBexSe | None | None |",1
112/10.1063/1.5063553,"| Material | Value | Unit |
|----------|-------|------|
| Fe3O4 | None | None |
| Pt | None | None |

Note: The article does not mention any band gap values for the materials Fe3O4 and Pt.",1
113/10.1063/1.5099913,"| Material | Value | Unit |
|----------|-------|------|
| Py (5 nm) | None | None |
| α-W (10 nm) | None | None |
| β-W (10 nm) | None | None |
| W3O | None | None |
| W oxide or nitride |",1
114/10.1063/5.0044689,"| Material | Value | Unit |
|----------|-------|------|
| Bulk Silicon | 1.2 eV | eV |
| Molecular Crystals | None | None |",1
115/10.1063/5.0052848,"| Material | Value | Unit |
|----------|-------|------|
| Indium oxide | 4.05 ± 0.05 eV | - |
| Bixbyite structure indium oxide | None | None |",1
116/10.1063/5.0118797,"| Material | Value | Unit |
|----------|-------|------|
| Silica (defect-free) | -27.04 | eV |
| Silica (defect) | -11.00 | eV |
| Silica (total IS) | -16.50 | eV |

Note: The band",1
117/10.1063/5.0198885,"| Material | Value | Unit |
|----------|-------|------|
| SnO2 | 3.182 | eV |
| ZnO | 3.65 | eV |
| None | None | None |",1
118/10.1063/5.0208103,"| Material | Value | Unit |
|----------|-------|------|
| Hematite | 1.2 eV | eV |
| Fayalite | 0.8 eV | eV |
| Hydrogen interstitial in Silicon | None | None |
| Water (Liquid) | None | None |
|",1
119/10.1073/pnas.2405839122,"| Material | Value | Unit |
|----------|-------|------|
| ZrTe5 | 4 × 10-7 | m2T-1A-1 |
| WTe2 | 3.4 × 10-7 | m2T-1A-1 |
| BiTeBr | 3 × 10−1",1
11/10.1038/s41467-021-21203-6,"| Material | Value | Unit |
|----------|-------|------|
| ZnO | 3.37 | eV |
| SrTiO3 | 3.2 | eV |
| MoS2 | 1.2 | eV |
| NiS2 | 0.8 | eV |

Note: The band",1
120/10.1088/0953-8984/24/1/015305,"| Material | Value | Unit |
|----------|-------|------|
| Graphene | 3.525 × 10^-21 J | - |
| SiO2 | 4.5 | - |
| None | None | None |",1
121/10.1088/0953-8984/25/33/336003,"| Material | Value | Unit |
|----------|-------|------|
| PbCu3TeO7 | 0.24 eV | eV |
| PbCu3TeO7 | 0.89 meV | meV |

Note: The band gap values are given in two different units, eV (electronvol",1
122/10.1088/0953-8984/27/49/495602,"| Material | Value | Unit |
|----------|-------|------|
| La0.5Sr1.5MnO4 | None | None |
| La2-2xSr1+2xMn2O7 | 0.5 eV | - |
| La2-2xSr1+2xMn2O",1
123/10.1088/1361-6528/abcf6d,"| Material | Value | Unit |
|----------|-------|------|
| Cs2Ag(SbxIn1-x)Cl6 | 2.08 eV | eV |
| Cs2AgSbBr6 | 2.18 eV | eV |
| BaZrS3 | 1.5 eV | e",1
124/10.1088/1367-2630/12/6/063014,"| Material | Value | Unit |
|----------|-------|------|
| PTCDA | 0.39 me | eV |
| Ag(111) | 0.47 me | eV |

Note: The band gap values are extracted from the text and are in eV (electronvolts) units.",1
125/10.1088/1674-1056/abb65d,"| Material | Value | Unit |
|----------|-------|------|
| TBG | 0.02 eV | eV |
| TBG | 0.1 eV | eV |

Note: The band gap values are extracted from the text and are in eV units. The first value is for the interband transition from the highest",1
126/10.1088/1742-5468/2008/09/P09005,"| Material | Value | Unit |
|----------|-------|------|
| None | None | None |

Note: There is no mention of any materials or their band gap values in the given context.",1
127/10.1088/1742-5468/2009/07/P07020,"| Material | Value | Unit |
|----------|-------|------|
| None | None | None |

Note: There is no mention of any specific materials or their band gap values in the given context. The context only discusses the growth of an interface and the related exponents, but does not provide any information about materials or their properties. Therefore, the answer is that there",1
128/10.1088/1742-5468/2016/03/033306,"| Material | Value | Unit |
|----------|-------|------|
| None | None | None |

Note: There is no mention of any specific materials or their band gap values in the provided context. Therefore, the only possible answer is ""None"" for all three columns.",1
129/10.1088/2515-7639/ab3ea2,"| Material | Value | Unit |
|----------|-------|------|
| Ag3AuSe2 | 13.8 | meV |
| Ag3AuSe2 | 60 | meV |
| Ag3AuTe2 | 200 | meV |

Note: The band gap values are given in meV (",1
12/10.1038/s41563-020-0670-3,"| Material | Value | Unit |
|----------|-------|------|
| WS2 monolayer | 1.3 eV | eV |
| WSe2 layer (compressed) | 0.8 eV | eV |
| WSe2 layer (strained) | 1.5 eV | eV |
| K-",1
130/10.1103/PRXEnergy.2.043004,"| Material | Value | Unit |
|----------|-------|------|
| Cs3Cu2I5 | 3.49 eV | eV |
| CsCu2I3 | 0.83 meV | meV |
| Cmcm and Amm2 | 3.23 eV and 3.08 e",1
131/10.1103/PhysRevApplied.1.024005,"| Material | Value | Unit |
|----------|-------|------|
| ZnO | 3.44 | eV |
| NZn-2VZn | None | None |
| PZn-2VZn | None | None |
| AsZn-2VZn | None | None |
| SbZ",1
132/10.1103/PhysRevApplied.15.044004,"| Material | Value | Unit |
|----------|-------|------|
| GaAs | 0.71 eV | eV |
| InAs | None | None |
| AlGaAs | None | None |
| SiO2 | None | None |
| Ta2O5 | None | None |",1
133/10.1103/PhysRevB.100.035431,"| Material | Value | Unit |
|----------|-------|------|
| 1T-TiSe2 | 150 meV | eV |
| 1T-TiSe2 | 200 meV | eV |
| 1T-TiSe2 | 250 meV | eV |
|",1
134/10.1103/PhysRevB.100.054419,"| Material | Value | Unit |
|----------|-------|------|
| Fe | 155 | meV |
| Ni | 873 | meV |
| Co | 565 | meV |
| FeCo | 407 | meV |

Note: The band gap values are based on the QSGW method",1
135/10.1103/PhysRevB.100.184420,"| Material | Value | Unit |
|----------|-------|------|
| GaAs | 1.5 eV | - |
| GaMnAs | None | None |
| Pt/Co/Pt | None | None |",1
136/10.1103/PhysRevB.101.144404,"| Material | Value | Unit |
|----------|-------|------|
| MgO | 0.2 eV | meV |
| Co | None | None |
| Ni | None | None |",1
137/10.1103/PhysRevB.103.245127,"| Material | Value | Unit |
|----------|-------|------|
| None | None | None |

Note: The context does not mention any specific materials or band gap values, so the output is a table with no entries.",1
138/10.1103/PhysRevB.104.075148,"| Material | Value | Unit |
|----------|-------|------|
| CsV3Sb5 | -23meV | eV |
| CsV3Sb5 | 35meV | eV |
| RbV3Sb5 | -23meV | eV |
| RbV3Sb5 |",1
139/10.1103/PhysRevB.105.115120,"| Material | Value | Unit |
|----------|-------|------|
| Bi2Te3 | 0 | eV |
| Pd0.05Bi2Te3 | 0.15 | eV |
| Pd0.10Bi2Te3 | 0.25 | eV |",1
13/10.1038/s41598-017-08553-2,"| Material | Value | Unit |
|----------|-------|------|
| None | None | None |

Note: There is no mention of any specific materials or their band gap values in the provided text. Therefore, the only entry in the table is ""None"" for all three columns.",1
140/10.1103/PhysRevB.105.174304,"| Material | Value | Unit |
|----------|-------|------|
| CH3NH3PbI3 | 1.72 eV | - |
| CH3NH3PbBr3 | 2.05 eV | - |
| CsPbBr3 | 2.48 eV | - |
| H",1
141/10.1103/PhysRevB.105.L220401,"| Material | Value | Unit |
|----------|-------|------|
| Hf2S | 15.35 meV | eV |
| Hf2Se | None | None |
| Hf2Te | None | None |
| Zr2S | None | None |
| Zr2Se | None | None |
|",1
142/10.1103/PhysRevB.107.115168,"| Material | Value | Unit |
|----------|-------|------|
| Nb2SiTe4 | 0.13 eV | - |
| Nb3SiTe6 | 0.25 eV | - |
| NbSixTe2 | None | None |",1
143/10.1103/PhysRevB.109.165109,"| Material | Value | Unit |
|----------|-------|------|
| NaYbO2 | None | None |
| WSe2/MoSe2 | None | None |
| WSe2 | 0.8 eV | eV |
| MoSe2 | 1.3 eV | eV |
| WSe2/WS",1
144/10.1103/PhysRevB.64.184114,"| Material | Value | Unit |
|----------|-------|------|
| PMN-35%PT | None | None |
| PZT48 | 90.16 eV | meV |",1
145/10.1103/PhysRevB.64.201405,"| Material | Value | Unit |
|----------|-------|------|
| GaAs | 12.5 eV | - |
| GaAs (quantum well) | None | None |",1
146/10.1103/PhysRevB.67.134419,"| Material | Value | Unit |
|----------|-------|------|
| CePd3 | None | None |
| Ce8Pd24Ga | None | None |",1
147/10.1103/PhysRevB.67.241307,"| Material | Value | Unit |
|----------|-------|------|
| None | None | None |

Note: There is no mention of any specific material or its band gap value in the given context. Therefore, the answer is ""None"" for all three columns.",1
148/10.1103/PhysRevB.71.153102,"| Material | Value | Unit |
|----------|-------|------|
| NaxCoO2 | None | None |
| Na(2) sites | 67 meV | eV |
| Na(1) sites | None | None |

Note: The band gap values are not explicitly mentioned in the text, but the article discusses the electrostatic",1
149/10.1103/PhysRevB.72.165334,"| Material | Value | Unit |
|----------|-------|------|
| InGaAs | 1.3 eV | eV |
| GaAs | None | None |",1
14/10.1039/C7CP03960C,"| Material | Value | Unit |
|----------|-------|------|
| α-P | 1.12 eV | eV |
| β-P | 2.05 eV | eV |
| H-MoSe2 | 1.13 eV | eV |
| T-MoSe2 | None | None",1
150/10.1103/PhysRevB.75.064505,"| Material | Value | Unit |
|----------|-------|------|
| LREBaCuO | None | None |
| Bulk superconductor | None | None |

Note: The materials mentioned in the text are LREBaCuO and bulk superconductors, but no band gap values are provided. Therefore, the table above",1
151/10.1103/PhysRevB.76.205103,"| Material | Value | Unit |
|----------|-------|------|
| Aluminum (Al) | None | None |
| Gold (Au) | None | None |",1
152/10.1103/PhysRevB.77.214435,"| Material | Value | Unit |
|----------|-------|------|
| GaAs | 1.5 eV | eV |
| MnAs | 0.2 eV | eV |

Note: The band gap values are based on the information provided in the text, and are not a comprehensive list of all materials with these names.",1
153/10.1103/PhysRevB.79.134419,"| Material | Value | Unit |
|----------|-------|------|
| None | None | None |

Note: The provided context does not mention any specific materials or their band gap values. Therefore, the answer is that there are no materials with known band gap values.",1
154/10.1103/PhysRevB.82.014513,"| Material | Value | Unit |
|----------|-------|------|
| BaFe As | 0.55 eV | eV |
| BaFe P | 0.75 eV | eV |
| Ba0.5Sr0.5Fe2As2 | 0.57 eV | eV |",1
155/10.1103/PhysRevB.82.165111,"| Material | Value | Unit |
|----------|-------|------|
| MgB2 | 40 K | eV |
| CaC6 | 11.5 K | eV |

Note: The band gap values are given in eV (electronvolts) units.",1
156/10.1103/PhysRevB.84.035206,"| Material | Value | Unit |
|----------|-------|------|
| (Ga,Mn)N | 1.41 | eV |
| (Ga,Mn)N:Si | 1.8 | eV |
| (Ga,δMn)N | 2.6 | eV |
| (G",1
157/10.1103/PhysRevB.86.214413,"| Material | Value | Unit |
|----------|-------|------|
| Ni80Cu20 | None | None |
| Ni65Cu35(1 nm)/Ni84Cu16(5 nm)/Ni65Cu35(1 nm) | None | None |
| Ni25C",1
158/10.1103/PhysRevB.87.165406,"| Material | Value | Unit |
|----------|-------|------|
| GaAs | 1.1 eV | eV |
| GaAs | 2.2 eV | eV |

Note: The band gap values are given in eV (electronvolts) unit.",1
159/10.1103/PhysRevB.88.094106,"| Material | Value | Unit |
|----------|-------|------|
| kud 33 | -0.150 | eV |
| kud 33 + z2 | -0.191 | eV |
| None | None | None |",1
15/10.1063/1.4769041,"| Material | Value | Unit |
|----------|-------|------|
| Al2O3 | None | None |
| Si | 1.1 eV | eV |
| In-Ga eutectic | None | None |
| PEDOT:PSS | None | None |",1
160/10.1103/PhysRevB.89.104103,"| Material | Value | Unit |
|----------|-------|------|
| Ni | 0.13 eV | eV |
| Ta | 0.25 eV | eV |
| W | 0.45 eV | eV |
| Co | 0.30 eV | eV |
| Ni-T",1
161/10.1103/PhysRevB.90.104412,"| Material | Value | Unit |
|----------|-------|------|
| Li2MnO3 | - | eV |
| Na2IrO3 | - | eV |

Note: The band gap values are not mentioned in the given context, so the table only includes the material names and their unit.",1
162/10.1103/PhysRevB.92.161406,"| Material | Value | Unit |
|----------|-------|------|
| Graphene | 0.27 eV | eV |
| Graphene | 0.307 eV | eV |
| Gold SRR | None | None |",1
163/10.1103/PhysRevB.94.054113,"| Material | Value | Unit |
|----------|-------|------|
| Bi2Se3 | 0.30 | eV |
| Eu-doped Bi2Se3 | 30 | meV |
| Gd-doped Bi2Se3 | 79 | meV |

Note: The band gap values are given in e",1
164/10.1103/PhysRevB.96.121107,"| Material | Value | Unit |
|----------|-------|------|
| WP2 | None | None |
| LaBi | None | None |
| doped WTe2 | None | None |",1
165/10.1103/PhysRevB.98.075431,"| Material | Value | Unit |
|----------|-------|------|
| InAs | 0.1 eV | eV |
| Bi/InAs(110)-(2×1) | None | None |
| Pristine InAs(110) surface | None | None |",1
166/10.1103/PhysRevB.99.075420,"| Material | Value | Unit |
|----------|-------|------|
| Si | 10-5 eV | - |
| Au | 14 eV | - |

Note: The band gap values are not explicitly mentioned in the text, but they can be inferred from the energy plots shown in Figures 2 and 4. The band gap",1
167/10.1103/PhysRevB.99.140402,"| Material | Value | Unit |
|----------|-------|------|
| Eu0.5Ca0.5Fe2As2 | None | None |
| EuFe2As2 | 190 K | eV |
| Eu2+ moments | 10 K | eV |",1
168/10.1103/PhysRevB.99.144309,"| Material | Value | Unit |
|----------|-------|------|
| MoS2 | 334.5 | eV |
| MoS2 | 328.7 | eV |
| MoS2 | 31 - 32 | eV |
| MoS2 | 383 - 384 |",1
169/10.1103/PhysRevB.99.195203,"| Material | Value | Unit |
|----------|-------|------|
| MoTe2 | 30 eV | eV |
| WTe2 | None | None |",1
16/10.1063/1.4979859,"| Material | Value | Unit |
|----------|-------|------|
| GaAs | 1.5 eV | eV |
| PMN-PT | 0.3 eV | eV |
| SU8 | None | None |",1
170/10.1103/PhysRevE.71.046125,"| Material | Value | Unit |
|----------|-------|------|
| Carbon tetrachloride | 2.50 · 10−13 | s |
| Benzene | 1.22 · 10−13 | s |
| Nickel | 1.20 · 10−11 | s",1
171/10.1103/PhysRevE.76.016603,"| Material | Value | Unit |
|----------|-------|------|
| None | None | None |

Note: There is no mention of any specific materials or their band gap values in the given context. The context only discusses the theoretical aspects of wave tunneling and dispersion in gradient media, without providing any information about specific materials or their properties. Therefore, the answer",1
172/10.1103/PhysRevE.78.015301,"| Material | Value | Unit |
|----------|-------|------|
| None | None | None |

Note: There is no mention of any material or its band gap value in the given context. Therefore, the answer is ""None"" with no value and unit provided.",1
173/10.1103/PhysRevE.89.022403,"| Material | Value | Unit |
|----------|-------|------|
| None | None | None |

Note: There is no mention of any specific materials or their band gap values in the given context. The only mention of ""materials"" is in the phrase ""dislocations position,"" which suggests that the context is discussing the position of dislocations in a material",1
174/10.1103/PhysRevLett.100.236601,"| Material | Value | Unit |
|----------|-------|------|
| GaSb | 0.7 eV | eV |
| InAs | 0.36 eV | eV |
| AlSb | 1.6 eV | eV |",1
175/10.1103/PhysRevLett.101.137201,"| Material | Value | Unit |
|----------|-------|------|
| Fe (001) | 3.0 | eV |
| Co(0001) | 1.6, 1.7 | eV |
| Ni(001) | 2.4 | eV |

Note: The band gap values",1
176/10.1103/PhysRevLett.101.147203,"| Material | Value | Unit |
|----------|-------|------|
| Fe4 complex | None | None |
| Iron(III) spin | None | None |
| Thoroughly investigated | None | None |
| Chemically similar Fe4 | None | None |
| Clusters | None | None |
| Molecular magnets | None",1
177/10.1103/PhysRevLett.105.067403,"| Material | Value | Unit |
|----------|-------|------|
| PbSe | 30 meV | eV |
| CdSe | 2-15 meV | eV |",1
178/10.1103/PhysRevLett.105.216101,"| Material | Value | Unit |
|----------|-------|------|
| TiO2(110) | 3.2 eV | eV |
| O2 | None | None |",1
179/10.1103/PhysRevLett.107.177201,"| Material | Value | Unit |
|----------|-------|------|
| MTJ-1 | 6 | mT |
| MTJ-2 | 8 | mT |
| MTJ-3 | 15 | mT |
| MTJ-4 | 6.5 | mT |
| MTJ-",1
17/10.1063/5.0040791,"| Material | Value | Unit |
|----------|-------|------|
| Germanium | 0.45 eV | - |
| Silicon | 1.13 eV | - |
| Gadolinium | None | None |",1
180/10.1103/PhysRevLett.111.206401,"| Material | Value | Unit |
|----------|-------|------|
| A2Ir2O7 | None | None |
| Pr2Ir2O7 | None | None |

Note: The band gap values are not mentioned in the context, so the table only lists the materials' names and their band gap values as ""None"" with no unit.",1
181/10.1103/PhysRevLett.119.237002,"| Material | Value | Unit |
|----------|-------|------|
| Titanium d-bands | None | None |
| Hole band | None | None |
| Electron band | None | None |",1
182/10.1103/PhysRevLett.124.047203,"| Material | Value | Unit |
|----------|-------|------|
| RE | None | None |
| TM | None | None |

Note: The context does not mention any band gap values for the materials. Therefore, the table only includes two rows with ""None"" as the value and ""None"" as the unit.",1
183/10.1103/PhysRevLett.128.246401,"| Material | Value | Unit |
|----------|-------|------|
| FeSe | 50 meV | eV |
| FeSe (M point) | None | None |
| FeSe (Ts) | None | None |",1
184/10.1103/PhysRevLett.130.128204,"| Material | Value | Unit |
|----------|-------|------|
| Glass beads | None | None |
| Porous medium | None | None |
| Particles (glass beads) | None | None |
| Fluid | None | None |

Note: There are no band gap values mentioned in the context, so the table only contains the",1
185/10.1103/PhysRevLett.85.4924,"| Material | Value | Unit |
|----------|-------|------|
| C | 0.12 eV | - |
| D | 0.34 eV | - |
| F | 0.56 eV | - |

Note: The band gap values are not explicitly mentioned in the text, but they can be inferred from",1
186/10.1103/PhysRevLett.93.154301,"| Material | Value | Unit |
|----------|-------|------|
| None | None | None |

Note: There is no mention of any specific materials or their band gap values in the given context. Therefore, the only possible answer is ""None"" for all three columns.",1
187/10.1103/PhysRevLett.95.166603,"| Material | Value | Unit |
|----------|-------|------|
| None | None | None |

Note: There is no mention of any specific material or its band gap value in the given context. Therefore, the answer is ""None"" for all three columns.",1
188/10.1103/PhysRevLett.96.117206,"| Material | Value | Unit |
|----------|-------|------|
| YbB12 | 25 meV | eV |
| SmB6 | 25 meV | eV |
| TmSe | None | None |",1
189/10.1103/PhysRevMaterials.4.104008,"| Material | Value | Unit |
|----------|-------|------|
| 3CTO/3LTO superlattice | 16.2 nm | eV |
| CaTiO3/LaTiO3 superlattice | None | None |",1
18/10.1088/0953-8984/27/11/115503,"| Material | Value | Unit |
|----------|-------|------|
| GdN | 0.7 eV | eV |
| SmN | 0.40 meV | meV |

Note: The band gap values are obtained from the article and are given in the form of a markdown table as requested. The unit of the band gap",1
190/10.1103/PhysRevX.11.041029,"| Material | Value | Unit |
|----------|-------|------|
| InSb | 0.2 eV | eV |
| YBa2Cu3O7-d | None | None |",1
191/10.1103/PhysRevX.9.041016,"| Material | Value | Unit |
|----------|-------|------|
| MgAl2O4 | - | eV |
| NiO | - | eV |
| Pt | - | eV |
| MgO | - | eV |",1
192/10.1115/1.4034784,"| Material | Value | Unit |
|----------|-------|------|
| None | None | None |",1
193/10.1134/S106378341708025X,"| Material | Value | Unit |
|----------|-------|------|
| Ba0.8Sr0.2TiO3 | None | None |
| NiTiO3 | 2.974 | eV |
| NiO | 0.873 | eV |

Note: The band gap values are not explicitly mentioned",1
194/10.1143/JPSJ.75.044704,"| Material | Value | Unit |
|----------|-------|------|
| EuSr2(Fe,Al)O6 | 0.35 eV | - |
| EuFe2(Fe,Al)O6 | 0.45 eV | - |
| EuAl2(Fe,Al)O6 | 0.55",1
195/10.1515/nanoph-2018-0187,"| Material | Value | Unit |
|----------|-------|------|
| (Cd,Mn)Te | 1.2 eV | eV |
| CdTe | 0.15 eV | eV |
| Orthoborates | ∆/Γ ≈1 | None |

Note: The band gap values are not",1
196/10.3390/ijms25147877,"| Material | Value | Unit |
|----------|-------|------|
| YBCO thin films | None | None |

Note: YBCO (Yttrium Barium Copper Oxide) is a type of high-temperature superconductor, but the article does not mention any band gap values for these materials. The focus of the article is on the",1
197/10.3938/jkps.53.1241,"| Material | Value | Unit |
|----------|-------|------|
| None | None | None |

Note: There is no mention of any specific materials or their band gap values in the given context. The only mention of band gaps is in the phrase ""outside the band gap,"" which suggests that the context is discussing the properties of materials with a band gap,",1
198/10.4028/www.scientific.net/JMNM.22.33,"| Material | Value | Unit |
|----------|-------|------|
| Maghemite | 4.7 kJ/m3 | kJ/m3 |
| Magnetite | None | None |",1
199/10.5772/intechopen.71929,"| Material | Value | Unit |
|----------|-------|------|
| InTe | 1.55 eV | eV |
| b-GaP | 1.00 eV | eV |
| b-antimonene | 1.65 eV | eV |

Note: The band gap values are extracted from",1
19/10.1088/1367-2630/16/6/065001,"| Material | Value | Unit |
|----------|-------|------|
| Silicene | 2 eV | - |
| ArSi | 11 meV | - |
| Graphene | - | - |",1
1/10.1002/adfm.202311895,"| Material | Value | Unit |
|----------|-------|------|
| UO2 | 6.2 eV | eV |
| Fe3O4 | None | None |",1
200/10.7566/JPSJ.84.023705,"| Material | Value | Unit |
|----------|-------|------|
| AGY(I) AC | None | None |
| AGY(II) AC | None | None |

Note: The article does not mention any band gap values for the materials. Therefore, the table above is empty.",1
20/10.1103/PhysRevApplied.14.064079,"| Material | Value | Unit |
|----------|-------|------|
| BaTiO3 | 0.2 eV | - |
| BiFeO3 | 0.45 eV | - |
| SrRuO3 | 0.45 eV | - |
| Pb(Zr,Ti)O3",1
21/10.1103/PhysRevB.84.014303,"| Material | Value | Unit |
|----------|-------|------|
| Pentacene | 1.3 eV | eV |
| Rubrene | 0.8 eV | eV |",1
22/10.1103/PhysRevB.88.115309,"| Material | Value | Unit |
|----------|-------|------|
| Ge(001)b(2×1) | 140 meV | eV |
| SiGe | None | None |",1
23/10.1103/PhysRevB.88.144105,"| Material | Value | Unit |
|----------|-------|------|
| Eu8Ga16Ge30 | 10.706 | eV |
| Ba8Ga16Ge30 | 10.783 | eV |
| Sr8Ga16Ge30 | 10.721",1
24/10.1103/PhysRevB.94.125202,"| Material | Value | Unit |
|----------|-------|------|
| WAR5 S = 1 | 117.3(2) | meV |
| OV(0) S = 1 | 16.5 | meV |
| 3a | 188 | meV |
| 3c/3",1
25/10.1103/PhysRevB.98.054418,"| Material | Value | Unit |
|----------|-------|------|
| Nd2Fe14B | None | None |
| Nd | None | None |
| Fe | None | None |
| Cr | None | None |
| Mn | None | None |
| Ti | None | None |
| V | None | None |
",1
26/10.1103/PhysRevLett.102.113001,"| Material | Value | Unit |
|----------|-------|------|
| Silicon | 1.1 | eV |
| Germanium | 0.67 | eV |
| Gallium Arsenide | 1.42 | eV |
| Im | None | None |
| Re | None | None |
| Si |",1
27/10.1103/PhysRevLett.111.087801,"| Material | Value | Unit |
|----------|-------|------|
| Hydroxide | 9.99 eV | eV |
| Hydronium | 12 eV | eV |
| Hydroxide | 20 eV | eV |
| Hydronium | 5 eV | eV |",1
28/10.1103/PhysRevLett.118.247702,"| Material | Value | Unit |
|----------|-------|------|
| GaAs | 0.6 eV | - |
| GaAs | 1.2 eV | - |
| GaAs | 1.4 eV | - |
| GaAs | 2.0 eV | - |
| GaAs | 3.0",1
29/10.1103/PhysRevLett.119.067405,"| Material | Value | Unit |
|----------|-------|------|
| Graphene | None | None |
| Silicon Carbide Substrate | None | None |",1
2/10.1016/j.cpc.2023.108722,"| Material | Value | Unit |
|----------|-------|------|
| Mn3NiN | 6.10229 | eV |
| γ-FexMn1−x | None | None |",1
30/10.1103/PhysRevLett.127.117701,"| Material | Value | Unit |
|----------|-------|------|
| WSe2 | None | None |
| WSe2 | 2.3 eV | None |
| WSe2 | 3.4 eV | None |",1
31/10.1103/PhysRevLett.95.223203,"| Material | Value | Unit |
|----------|-------|------|
| Water | 7.0 eV | - |
| Silica glass | 12.0 eV | - |
| Polystyrene | None | None |",1
32/10.1103/PhysRevMaterials.1.024802,"| Material | Value | Unit |
|----------|-------|------|
| white-P | 1.4 eV | eV |
| black-P and red-P | None | None |",1
33/10.1007/s11661-013-2070-7,"| Material | Value | Unit |
|----------|-------|------|
| Copper | 0 eV | - |
| Alumina | 3.2 eV | eV |
| Nanoparticles | None | None |",1
34/10.1016/j.electacta.2017.07.121,"| Material | Value | Unit |
|----------|-------|------|
| Glassy Carbon (GC) | None | None |
| Carbon Black Film (10% PTFE) | None | None |",1
35/10.1038/ncomms1868,"| Material | Value | Unit |
|----------|-------|------|
| MnNiGe | None | None |
| FeNiGe | None | None |
| CoMnGe | None | None |
| CoFeGe | None | None |
| NiFeGe | None | None |

Note: There is no information about the band",1
36/10.1038/s41467-022-30413-5,"| Material | Value | Unit |
|----------|-------|------|
| DRCN5T | - | eV |
| PC71BM | - | eV |",1
37/10.1038/srep01881,"| Material | Value | Unit |
|----------|-------|------|
| Ho2Ti2O7 | None | None |
| Dy2Ti2O7 | None | None |",1
38/10.1039/D3LC00529A,"| Material | Value | Unit |
|----------|-------|------|
| PEGDA | 4.0 eV | - |
| PEGMEMA (Mw ∼300) | 2.5 meV | - |
| PEGMEMA (Mw ∼500) | 1.5 eV | - |",1
39/10.1063/1.5047863,"| Material | Value | Unit |
|----------|-------|------|
| None | None | None |
| Mn | - | - |
| La | - | - |
| Hg | - | - |
| Sc | 0.1 eV | - |
| Ti | 0.2 eV | - |
| V | ",1
3/10.1016/j.jallcom.2014.11.070,"| Material | Value | Unit |
|----------|-------|------|
| Fe-Cr alloys | None | None |

Note: There is no mention of any band gap values in the given context. The material discussed is Fe-Cr alloys, but there is no information about their band gap values. Therefore, the table above is the only possible output.",1
40/10.1063/5.0148247,"| Material | Value | Unit |
|----------|-------|------|
| Zeolites | None | None |
| Metal Organic Frameworks | None | None |
| Covalent Organic Frameworks | None | None |
| Glassy Amorphous Polymers | None | None |
| Highly-Crosslinked Networks | ",1
41/10.1080/00150193.2018.1473484,"| Material | Value | Unit |
|----------|-------|------|
| DMMnF | None | None |
| DMZnF | None | None |

Note: The article does not mention any band gap values for the materials DMMnF and DMZnF. Therefore, the table above is empty.",1
42/10.1088/0965-0393/20/1/015008,"| Material | Value | Unit |
|----------|-------|------|
| Paper | None | None |
| Nonwoven textiles | None | None |
| Nanoﬁbrous composites | None | None |
| Electrospun polymer ﬁbre networks | None | None |

Note: There is no mention of band gap values in",1
43/10.1093/qjmam/53.3.343,"| Material | Value | Unit |
|----------|-------|------|
| Neo-Hookean | None | None |
| Anisotropic elastic medium | None | None |",1
44/10.1103/PhysRevB.101.094105,"| Material | Value | Unit |
|----------|-------|------|
| Ni47Co3Mn25Ga25 | - | - |
| Ni47Co5Mn25Ga25 | - | - |
| Ni47Co3Mn25Ga25 | 1 µB | eV |",1
45/10.1103/PhysRevB.75.155105,"| Material | Value | Unit |
|----------|-------|------|
| Homogeneous electron gas | None | None |
| Jellium surfaces | None | None |
| Real solids | None | None |",1
46/10.1103/PhysRevB.88.115132,"| Material | Value | Unit |
|----------|-------|------|
| CuO3 | 3J0S/2 | eV |
| CuO2 | -3J0S/2 | eV |
| vanadates | -5% charge carriers | eV |
| manganites | -5% charge carriers | eV",1
47/10.1103/PhysRevLett.118.157601,"| Material | Value | Unit |
|----------|-------|------|
| PZN-8%PT | None | None |
| PMN-PT | None | None |
| Pb(Zr,Ti)O3 | None | None |
| BiFeO3 | None | None |

Note: The band gap values are not provided",1
48/10.1103/PhysRevLett.89.097202,"| Material | Value | Unit |
|----------|-------|------|
| Mn12 | None | None |
| Fe8 | None | None |",1
49/10.1103/PhysRevResearch.2.043077,"| Material | Value | Unit |
|----------|-------|------|
| None | None | None |

Note: There is no mention of any specific material or band gap values in the given context. The article only discusses a theoretical model for a tetramer Mott insulator and its properties, but does not provide any information about real-world materials or their band",1
4/10.1016/j.jmgm.2019.03.013,"| Material | Value | Unit |
|----------|-------|------|
| Diamond | 5.4 eV | eV |
| None | None | None |",1
50/10.1134/S106377611711005X,"| Material | Value | Unit |
|----------|-------|------|
| None | None | None |

Note: There is no mention of any specific materials or their band gap values in the given context. Therefore, the only possible answer is ""None"" for all three columns.",1
51/10.1002/adma.201802356,"| Material | Value | Unit |
|----------|-------|------|
| Bi2Se3 | 0.15 eV | - |
| Co | None | None |",1
52/10.1002/adma.201903795,"| Material | Value | Unit |
|----------|-------|------|
| WS2 | 1.3 eV | eV |
| WSe2 | 1.0 eV | eV |
| WTe2 | 0.9 eV | eV |
| MoS2 | 1.6 eV | eV |
",1
53/10.1002/andp.201400219,"| Material | Value | Unit |
|----------|-------|------|
| PbTiO3 | 3.2 eV | eV |
| PbZrO3 | 4.1 eV | eV |
| None | None | None |",1
54/10.1002/pssb.202100255,"| Material | Value | Unit |
|----------|-------|------|
| Gd2Ti2O7 | None | None |
| Y3Fe5O12 | None | None |
| ... | ... | eV |
| ... | ... | meV |",1
55/10.1002/pssr.202370011,"| Material | Value | Unit |
|----------|-------|------|
| STO | None | None |
| AlN | None | None |
| Al2O3 | None | None |
| NiFe | None | None |
| Pt | None | None |",1
56/10.1007/s11467-009-0076-9,"| Material | Value | Unit |
|----------|-------|------|
| CaFe2As2 | 3.1 | eV |
| BaFe2As2 | 7.71 | eV |
| SrFe2As2 | 3.33 | eV |",1
57/10.1007/s12274-022-4418-z,"| Material | Value | Unit |
|----------|-------|------|
| MoS2 | - | eV |
| WS2 | - | eV |",1
58/10.1016/J.APSUSC.2007.07.100,"| Material | Value | Unit |
|----------|-------|------|
| Pb(111) | -6.4 eV | eV |
| Pb(111) | 7.5 a0 | eV |

Note: The band gap value of -6.4 eV is not explicitly mentioned in the text, but it",1
59/10.1016/j.actamat.2020.09.055,"| Material | Value | Unit |
|----------|-------|------|
| Cr | 0.1331 | eV |
| Ti | 0.0478 | eV |
| Al | None | None |
| Ni | None | None |",1
5/10.1016/j.mtsust.2023.100548,"| Material | Value | Unit |
|----------|-------|------|
| TiO2 | 3.05 | eV |
| FAPbI3 (Perovskite) | 3.75 | eV |
| Spiro-OMeTAD | 2.12 | eV |
| SnO2 | None",1
60/10.1016/j.actamat.2022.118511,"| Material | Value | Unit |
|----------|-------|------|
| CrFeCoNi | -3.42 eV | eV |
| AlCrFeCoNi | -2.65 eV | eV |
| CrMnFeCoNi | -2.87 eV | eV |
| CrFeCo",1
61/10.1016/j.actamat.2023.119048,"| Material | Value | Unit |
|----------|-------|------|
| Ga5Pd | -0.36 | eV |
| Ga21Ni5 | -0.48 | eV |
| Al3Pt | -0.43 | eV |
| Al21Pt5 | -0.40 |",1
62/10.1016/j.ceramint.2019.10.025,"| Material | Value | Unit |
|----------|-------|------|
| 5HA | None | None |
| 5HA-0.3AS | None | None |
| 5HA-0.6AS | None | None |
| 5CAC | 4.7x10-18 m | meV |

Note",1
63/10.1016/j.conbuildmat.2016.05.046,"| Material | Value | Unit |
|----------|-------|------|
| Mars-1A | None | None |
| Regular Sand | None | None |
| Martian Concrete (MC) | None | None |
| Sulfur Concrete (SC) | None | None |

Note: The band gap values are not provided in the given context.",1
64/10.1016/j.cpc.2005.03.033,"| Material | Value | Unit |
|----------|-------|------|
| C12E6 | None | None |
| Water | None | None |
| A | None | None |
| B | None | None |
| AB dimer | None | None |",1
65/10.1016/j.cpc.2020.107760,"| Material | Value | Unit |
|----------|-------|------|
| PdSb2 | 10 meV | eV |
| PdSb2 | None | None |",1
66/10.1016/j.cplett.2011.02.042,"| Material | Value | Unit |
|----------|-------|------|
| C (XC2) | 1.2 eV | eV |
| NaC2 | 2.4 eV | eV |
| MgC2 | 3.6 eV | eV |
| Si | 1.2 eV | eV",1
67/10.1016/j.engstruct.2013.12.007,"| Material | Value | Unit |
|----------|-------|------|
| Concrete | 3.1 eV | - |
| Concrete | 2.4 meV | - |",1
68/10.1016/j.ijfatigue.2004.09.001,"| Material | Value | Unit |
|----------|-------|------|
| Al 2024T351 | - | eV |
| Cu | - | eV |
| Mg | - | eV |
| Fe | - | eV |
| Si | - | eV |
| Cr | - | eV |
",1
69/10.1016/j.jeurceramsoc.2023.02.011,"| Material | Value | Unit |
|----------|-------|------|
| LiFe5O8 | None | None |
| Li-Fe 1–1 ceram | None | None |
| Li-Fe 1–3 ceram | None | None |
| Li-Fe 1–5 ceram | None | None |",1
6/10.1021/acs.jpcc.0c09960,"| Material | Value | Unit |
|----------|-------|------|
| Na2O | 3.45 | eV |
| K2O | 2.95 | eV |
| Cs2O | 2.65 | eV |
| B2O3 | 1.85 | eV |
| P2",1
70/10.1016/j.jmps.2019.02.003,"| Material | Value | Unit |
|----------|-------|------|
| Fe-Si | None | None |
| Mo | None | None |
| Cu | None | None |
| Niobium | None | None |",1
71/10.1016/j.jmps.2020.104254,"| Material | Value | Unit |
|----------|-------|------|
| None | None | None |

Note: There is no mention of any specific materials or their band gap values in the given context. Therefore, the only possible answer is ""None"" for all three columns.",1
72/10.1016/j.molstruc.2006.12.037,"| Material | Value | Unit |
|----------|-------|------|
| None | None | None |

Note: The context does not mention any specific materials or their band gap values. Therefore, the answer is that there are no materials with band gap values mentioned in the context.",1
73/10.1016/j.mtcomm.2023.107183,"| Material | Value | Unit |
|----------|-------|------|
| BPN-GaN | 1.86 eV | eV |
| BPN-AlN | 2.32 eV | eV |
| BPN-GaN | 2.31 eV | eV |
| BPN-Al",1
74/10.1016/j.nimb.2004.08.011,"| Material | Value | Unit |
|----------|-------|------|
| None | None | None |

Note: There is no mention of any specific material or its band gap value in the given context. Therefore, the only possible answer is ""None"" for all three columns.",1
75/10.1016/j.physa.2005.07.017,"| Material | Value | Unit |
|----------|-------|------|
| SiO2 | None | None |
| SiO2 (theoretical) | 1.9 eV | eV |
| SiO2 (experimental) | 2.0 meV | meV |

Note: The band gap values are not explicitly mentioned in the",1
76/10.1016/j.physb.2011.04.004,"| Material | Value | Unit |
|----------|-------|------|
| MgxZn1-xO | 3.2 eV | eV |
| MgxZn1-xO | 6.4 meV | meV |

Note: The band gap values are given in two different units, eV (electronvol",1
77/10.1016/j.physb.2017.07.064,"| Material | Value | Unit |
|----------|-------|------|
| Nd3+ | None | None |
| Pr3+ | None | None |
| U4+ | None | None |

Note: The band gap values are not mentioned in the context, so the table only lists the materials' names and their corresponding band gap values as ""None"".",1
78/10.1016/j.rinp.2018.05.014,"| Material | Value | Unit |
|----------|-------|------|
| Tosoh zirconia (TZ-3YS-E) | 3.8 eV | - |
| Zirconia | None | None |",1
79/10.1016/j.ssc.2005.09.007,"| Material | Value | Unit |
|----------|-------|------|
| Graphene | 5-6 eV | eV |
| Stone-Wales defect | 9.1 eV | eV |
| Dislocation | 11 eV | eV |",1
7/10.1021/ic4018135,"| Material | Value | Unit |
|----------|-------|------|
| SrFBiS2 | 0.8 eV | eV |
| LaOBiS2 | 0.82 eV | eV |

Note: The band gap values are based on the information provided in the context, and the unit of the band gap value is specified",1
80/10.1016/j.ssc.2008.09.027,"| Material | Value | Unit |
|----------|-------|------|
| PbTe | None | None |
| AgxSbTe2 | None | None |

Note: The context does not mention any band gap values for the materials PbTe and AgxSbTe2. Therefore, the table above is empty.",1
81/10.1016/j.susc.2005.11.066,"| Material | Value | Unit |
|----------|-------|------|
| MgPc | 3.7 | eV |
| MgPc | -18.5 | eV |
| MgPc | 3.0 | meV |
| MgPc | -49.5 | meV |
| M",1
82/10.1016/j.wavemoti.2016.08.009,"| Material | Value | Unit |
|----------|-------|------|
| None | None | None |

Note: The article does not mention any specific materials or their band gap values. Therefore, the only entry in the table is ""None"" for all three columns.",1
83/10.1021/acs.jpcc.6b06828,"| Material | Value | Unit |
|----------|-------|------|
| MoS2 | 1.3 eV | eV |
| WS2 | 1.5 eV | eV |
| MoSe2 | 1.0 eV | eV |
| WSe2 | 1.2 eV | eV |
",1
84/10.1021/acs.nanolett.2c03524,"| Material | Value | Unit |
|----------|-------|------|
| GaAs | 3.0 | eV |
| CdTe | 1.8 | eV |
| GaN | 7.5 | eV |
| ZnO | 6.0 | eV |
| TMD (MoSe2) | ",1
85/10.1021/acsami.1c10701,"| Material | Value | Unit |
|----------|-------|------|
| Ge (germanium) | 0.4 eV | eV |
| GaAs (gallium arsenide) | 1.52 eV | eV |
| Mn (manganese) | None | None |",1
86/10.1021/acsnano.3c09001,"| Material | Value | Unit |
|----------|-------|------|
| (BA)(MA)PbI | 2.08 | eV |
| hBN-encapsulated (BA)(MA)PbI | 1.9 | eV |
| n=4 perovskite | 1.95 | meV |",1
87/10.1021/nl061702a,"| Material | Value | Unit |
|----------|-------|------|
| Bulk Graphite | 2.33 eV | eV |
| Double-Layer Graphene | None | None |
| Single-Layer Graphene | None | None |",1
88/10.1021/nl8034042,"| Material | Value | Unit |
|----------|-------|------|
| InAs | 1.3 eV | eV |
| InP | 1.8 eV | eV |
| SiOx | None | None |
| Si | None | None |",1
89/10.1038/nmat1414,"| Material | Value | Unit |
|----------|-------|------|
| (10,10) SWNT | 2.0 G0 | eV |
| Lateral di-vacancy | 1.36 G0 | eV |

Note: G0 is a reference value for the conductance of a perfect (10,",1
8/10.1038/nature09720,"| Material | Value | Unit |
|----------|-------|------|
| SrTiO3 | -4.35 | eV |
| SrTiO3 | -3.9 | eV |
| SrTiO3 (bulk) | 3.75 | eV |

Note: The band gap values are based on",1
90/10.1038/nnano.2014.26,"| Material | Value | Unit |
|----------|-------|------|
| Monolayer MoS2 | Direct | eV |
| Monolayer WSe2 | Indirect | eV |",1
91/10.1038/s41524-020-00458-5,"| Material | Value | Unit |
|----------|-------|------|
| bcc Fe | 4.0 eV | eV |
| Pd3Fe | 2.5 meV | meV |

Note: The band gap values are based on the information provided in the text, and are as follows:

* bcc Fe: 4",1
92/10.1038/s41524-021-00526-4,"| Material | Value | Unit |
|----------|-------|------|
| Bi3Se | -0.065 | eV/atom |
| Bi2Se2 | -0.202 | eV/atom |

Note: The band gap values are negative, indicating that the materials are semiconductors with a conduction band minimum and a",1
93/10.1038/s41929-019-0400-x,"| Material | Value | Unit |
|----------|-------|------|
| PdCoO2 | 531-532 eV | eV |
| PtCoO2 | None | None |
| CuFeO2 | None | None |
| AgFeO2 | None | None |

Note: The band gap values are",1
94/10.1038/srep04296,"| Material | Value | Unit |
|----------|-------|------|
| Silicon (SiRN) | 530 nm | - |
| Polysilicon | - | - |

Note: The band gap value for Silicon (SiRN) is not explicitly mentioned in the context, but it can be estimated based on the wavelength",1
95/10.1038/srep05022,"| Material | Value | Unit |
|----------|-------|------|
| Diamond | None | None |
| Silicon-doped diamond | None | None |
| Nitrogen-vacancy centers in diamond | None | None |

Note: The band gap values are not provided in the given context.",1
96/10.1039/C9NR04269E,"| Material | Value | Unit |
|----------|-------|------|
| Boron Nitride | 1.5 eV | eV |
| Phosphorene | None | None |
| MoS2 | None | None |",1
97/10.1039/C9TC01862J,"| Material | Value | Unit |
|----------|-------|------|
| Tungsten diboride | None | None |
| WB4 | None | None |",1
98/10.1039/D2CP02724K,"| Material | Value | Unit |
|----------|-------|------|
| VCCl2 | 73 meV | eV |
| VCClBr | 87 meV | eV |

Note: The band gap values are based on the GGA+SOC calculation.",1
99/10.1039/c6nr01349j,"| Material | Value | Unit |
|----------|-------|------|
| GeS | 2.014 | THz |
| GeSe | 0.105 | THz |
| SnS | None | None |
| SnSe | None | None |",1
9/10.1038/ncomms5396,"| Material | Value | Unit |
|----------|-------|------|
| La[sub 0.7]Sr[sub 0.3]MnO[sub 3] | None | None |
| Alq[sub 3] | None | None |
| LSMO | None | None |
| STO | None | None |",1
